{
    "traj_len_idx": 12,
    "uid_size": 14786,
    "longi_mean": 104.0582776367568,
    "longi_std": 0.04850425793221817,
    "lati_mean": 30.652063996834407,
    "lati_std": 0.04179916152613628,
    "dist_mean": 9.766556437284693,
    "dist_std": 3.868559367127739,
    "time_mean": 1558.314264207753,
    "time_std": 648.1008780916625,
    "dist_gap_mean": 0.2737401020482234,
    "dist_gap_std": 0.1257106054277493,
    "time_gap_mean": 43.67692015570113,
    "time_gap_std": 51.27005976574287
}