{
  "uid": 810,
  "weekid": 6,
  "timeid": 1109,
  "current_longi": [
    104.115353, 104.113091, 104.110404, 104.108335, 104.106304, 
    104.104013, 104.101653, 104.100465, 104.097907, 104.095813, 
    104.091939, 104.087057, 104.083797, 104.080276, 104.076107, 
    104.071857, 104.072423, 104.072982, 104.073218, 104.076707, 
    104.076795, 104.076552
  ],
  "current_lati": [
    30.64392, 30.642129, 30.64393, 30.640667, 30.637807, 
    30.634062, 30.630342, 30.62768, 30.624637, 30.622056, 
    30.620839, 30.62065, 30.620698, 30.620622, 30.620588, 
    30.621499, 30.625048, 30.625105, 30.625109, 30.624056, 
    30.623248, 30.626844
  ],
  "current_dis": [
    0.0, 0.294091, 0.619951, 1.033260, 1.405940, 
    1.876530, 2.347792, 2.664868, 3.082480, 3.432499, 
    3.827125, 4.294755, 4.606749, 4.943778, 5.342727, 
    5.761833, 6.160163, 6.214025, 6.236611, 6.590397, 
    6.680636, 7.081168
  ],
  "current_state": [
    1, 1, 1, 1, 1, 
    1, 1, 1, 1, 1, 
    1, 1, 1, 1, 1, 
    1, 1, 1, 0, 0, 
    0, 0
  ]
}
