MAE,MAPE,MSE,RMSE,masked_MAE,masked_MAPE,masked_MSE,masked_RMSE,R2,EVAR
tensor(305.1869),tensor(0.2107),tensor(170538.4375),tensor(412.9630),305.1869201660156,0.210714191198349,170538.4375,412.9630126953125,0.5858058692640676,0.6118342876434326
