MAE,MAPE,MSE,RMSE,masked_MAE,masked_MAPE,masked_MSE,masked_RMSE,R2,EVAR
tensor(272.3648),tensor(0.1863),tensor(145004.7500),tensor(380.7949),272.36480712890625,0.18626011908054352,145004.75,380.7948913574219,0.6478206477601343,0.6708524227142334
