{
    "traj_len_idx": 12,
    "uid_size": 4968,
    "longi_mean": 116.38167145561566,
    "longi_std": 0.07416283805701834,
    "lati_mean": 39.92553892677388,
    "lati_std": 0.049981772271572,
    "dist_mean": 8.814695989840317,
    "dist_std": 7.073727325486173,
    "time_mean": 1166.8956065318819,
    "time_std": 973.9645727168944,
    "dist_gap_mean": 0.3897806752549975,
    "dist_gap_std": 0.22667483085183782,
    "time_gap_mean": 51.59943780140807,
    "time_gap_std": 44.83032982709822
}